{
    "active": true,
    "children": [],
    "components": [
        {
            "active": true,
            "type": 23
        },
        {
            "active": true,
            "position": [
                -952.6651611328125,
                16.040157318115234,
                -1567.8804931640625
            ],
            "rotation": [
                0.5233044028282166,
                -0.0012856990797445178,
                0.8521189093589783,
                -0.00664977403357625
            ],
            "scale": [
                0.008923646062612534,
                0.00892349798232317,
                0.00892364140599966
            ],
            "type": 21
        },
        {
            "active": true,
            "mesh": {
                "asset_path": "Assets/Models/Environments/Level 1/box_001.sugar",
                "draw_face_normals": false,
                "draw_vertex_normals": false,
                "is_animated": false,
                "shape_type": 0,
                "uid": 501791099
            },
            "type": 1
        },
        {
            "active": true,
            "color": [
                0.0,
                0.0,
                0.0,
                1.0
            ],
            "shader": {
                "asset_path": "Assets/Shaders/default_shader.glsl",
                "uniforms": [
                    {
                        "name": "albedoTint",
                        "type": 35666,
                        "value": {
                            "w": 1.0,
                            "x": 1.0,
                            "y": 1.0,
                            "z": 1.0
                        }
                    }
                ]
            },
            "texture": {
                "asset_path": "Assets/Textures/Environments/Level 1/big_box_base_color.png"
            },
            "type": 2
        }
    ],
    "is3D": true,
    "isPrefab": true,
    "name": "box_047",
    "tag": 0
}
